especificacao,variavel,coef,erro_padrao,p_valor
(1) MQO em nível — artigo,preco_basico,0.5322,0.0643,0.0
(1) MQO em nível — artigo,cambio,0.2685,0.0715,0.0003
(1) MQO em nível — artigo,pib_china,1.4786,0.4682,0.0022
(2) MQO + erros Newey-West,preco_basico,0.5322,0.1157,0.0
(2) MQO + erros Newey-West,cambio,0.2685,0.1046,0.0102
(2) MQO + erros Newey-West,pib_china,1.4786,0.249,0.0
(3) MQO + dummies trimestrais,preco_basico,0.5344,0.0649,0.0
(3) MQO + dummies trimestrais,cambio,0.2729,0.0718,0.0003
(3) MQO + dummies trimestrais,pib_china,2.0889,2.4582,0.398
(4) MQO + dummies + Newey-West,preco_basico,0.5344,0.1157,0.0
(4) MQO + dummies + Newey-West,cambio,0.2729,0.1003,0.0065
(4) MQO + dummies + Newey-West,pib_china,2.0889,2.3589,0.3759
(5) Cochrane-Orcutt iterativo,preco_basico,0.3302,0.1318,0.0142
(5) Cochrane-Orcutt iterativo,cambio,0.0583,0.0939,0.5369
(5) Cochrane-Orcutt iterativo,pib_china,1.2072,0.1478,0.0
(6) Cochrane-Orcutt iterativo + dummies,preco_basico,0.1857,0.1144,0.1085
(6) Cochrane-Orcutt iterativo + dummies,cambio,0.0434,0.0756,0.5674
(6) Cochrane-Orcutt iterativo + dummies,pib_china,1.6034,0.7112,0.0269
