serie,quantumexp,preço_basico,cambio_efetivo,PIB_China
20001,143.5159238534178,218.45158383377708,420.6316,80.23615797531589
20002,166.7048485110297,221.75333641064742,419.0331,112.7215786290606
20003,176.98980071454008,224.9529764063796,408.00579999999997,106.94202982939186
20004,161.92940799680798,222.70360657673723,423.3527,113.54127369956247
20011,162.76474468259158,219.4519270517084,442.5983,82.5037764221098
20012,186.1911600399794,213.2047880549472,485.8643,110.96137239271953
20013,187.1868959843172,212.4131140526253,531.786,106.01161389776476
20014,172.54976421838,205.32027541487062,517.3928999999999,111.94177875503384
20021,147.12898831543941,201.76458159817477,468.21490000000006,82.90558946678101
20022,168.4273982290916,205.30258066924898,496.91150000000005,111.02795208214489
20023,234.16651686030127,205.71148083036252,615.8003000000001,107.06461424637264
20024,211.64156585990378,207.1046405625159,688.8554,111.87882510645515
20031,185.614636098953,211.6031072580874,629.0628,85.28808731981138
20032,222.49493509266588,211.4273665832776,532.6850999999999,109.09221974484919
20033,243.6890573541503,213.9191036159893,521.3505,108.46597597219191
20034,244.92202671342886,216.929399718659,523.6028,112.68138014671922
20041,223.74102061392313,223.6978201578138,528.8107,86.86662945025321
20042,262.1268741855754,236.0586814866042,544.3932,112.03140288207129
20043,290.6495431491271,240.7710841944987,529.2696,108.15021911691747
20044,266.4614607794307,243.77300870110528,506.8607,111.67076812806116
20051,255.03699844448,251.5701835962705,482.9418,86.55000663246312
20052,290.4863831400582,265.41796750290143,439.1424,110.72792578108583
20053,321.821017671846,272.0103510353642,414.22270000000003,107.2660744623614
20054,298.4316069308305,278.7574466075222,393.512,112.43969546992787
20061,271.32606273142915,283.6929015611723,384.6214,87.14312686025677
20062,281.0904328442906,295.0463043546485,389.0994,111.88303040215469
20063,338.3881602931,309.952659422579,390.4198,106.4385561565347
20064,309.195344131179,311.3081346616,387.01099999999997,113.47889135231259
20071,285.4931579848178,312.041357972394,378.6899,89.84260062620243
20072,316.87671931309103,324.087736843857,361.7204,113.33518779971064
20073,330.62772951729005,337.69408335376,352.51370000000003,107.25591834718502
20074,322.211106214226,356.628970295388,336.796,113.22239828675298
20081,267.26092735319963,377.250545268998,332.70980000000003,88.18382774474922
20082,327.0673011072351,413.89880681243295,321.5489,113.46074010862921
20083,332.721043603875,464.93125134588297,315.6557,104.76205600685032
20084,289.2821697226562,415.553918435487,392.09479999999996,107.56596220475114
20091,227.6897915814206,354.076514291975,388.10929999999996,83.40477344727674
20092,286.740145353378,349.677101618736,354.6008,113.36402664532734
20093,297.63487085736756,366.385457146549,326.1166,107.13175096404015
20094,271.0618746606399,387.208878388958,310.0022,112.21956461491716
20101,252.86337676010908,401.018011473643,312.5469,86.78463250477556
20102,307.886626967118,422.281142954543,299.1218,113.53819886104549
20103,321.03151975058404,450.43315382350204,296.34590000000003,106.6597616042292
20104,308.7868016570299,476.29050455176105,291.9853,112.59214240348345
20111,261.6287208662521,506.050142090304,286.4136,87.56407849343037
20112,312.9105324070341,549.0551102735919,278.47839999999997,113.8087621410569
20113,332.79386446345495,561.537248693176,284.8621,106.44790947374973
20114,314.678086081034,544.337158919108,303.489,109.04685601230068
20121,271.2921919093274,521.222192985942,296.4841,85.03428322589106
20122,304.8325116649435,529.700007269303,322.4999,111.89782340470494
20123,319.336430066193,514.256448864575,328.9171,105.15456067060309
20124,312.343218961004,505.66694262752,334.9538,109.93731606145573
20131,261.2519979918199,511.30255277798005,320.532,85.26967565146366
20132,316.675066545088,508.376926140158,325.6105,110.86839974785553
20133,333.512238343946,490.19812689550497,359.5622,106.06471491171534
20134,312.100587960919,494.170106511597,357.31419999999997,110.21503363164624
20141,263.2088005924701,486.785177191017,364.9422,83.89930876551135
20142,324.588597840293,485.340246859078,338.4873,111.17492352219882
20143,333.463848077105,474.78545883172603,341.3821,105.7480497106517
20144,298.4336286743952,446.062318057384,366.97659999999996,109.27227713498588
20151,274.89868583624843,398.328557644061,384.8431,83.58061128503242
20152,350.62740647395196,373.550029968179,400.76200000000006,111.52047236331855
20153,350.244082543221,364.134937390151,449.2455,104.7748527585632
20154,336.248903687085,346.161099531163,471.38030000000003,109.04609742935496
20161,326.20382184274456,318.951538115532,462.2092,84.33689267804556
20162,373.969675404739,335.709930141208,413.9338,111.69767871436488
20163,346.501225060607,357.509256391743,376.8822,105.29325576241868
20164,307.6245086008252,366.950623997991,371.943,110.76149700592532
20171,334.833134180671,387.741490780596,352.12289999999996,85.96254978347203
20172,392.234872985433,377.015072567003,364.6181,111.04242259620591
20173,391.68565797468096,366.697524318044,370.0307,105.36716211860046
20174,356.935235324287,383.698422943476,380.29970000000003,110.63935075682846
20181,345.16421453295203,394.754580136831,391.6368,85.81608784315591
20182,378.563373741905,402.70750993644504,426.03829999999994,110.8527849286042
20183,390.919988700983,400.49941481709595,450.506,104.69369384655087
20184,394.453123492652,396.39956430279796,427.1707,110.37836556074589
20191,335.76462017084896,382.85483696515496,425.75260000000003,83.91067695121767
20192,389.113597234805,388.853396962111,435.95529999999997,111.20527259273108
20193,390.057314765942,390.843068060401,437.8555,103.9518001048436
20194,386.536618334234,376.642136256225,451.5446,110.25774926776455
20201,341.547372284667,372.066883723705,482.1481,74.14966871147912
20202,406.29550260441897,343.16495852643004,569.6075000000001,121.00072693680912
20203,408.296728985379,354.392392610463,580.073,106.44580159188106
20204,375.22918376123204,374.56426662884303,583.2444,111.82614938887264
20211,346.3539889118642,420.72272627553303,591.6497999999999,83.88674874534367
20212,452.561803365985,468.036664169564,564.2818,113.52622134403289
20213,408.768622802364,495.65976390331,539.9283,102.98062714898694
20214,376.411838889979,472.203083303988,564.0357,111.8371215714166
